,Country,Price
0,China,Less than $49.999
1,China,Less than $49.999
2,United States,Less than $49.999
3,United States,Less than $49.999
4,China,Less than $49.999
5,United States,Less than $49.999
6,Singapore,Less than $49.999
7,Italy,Less than $49.999
8,Canada,Less than $49.999
9,Canada,Less than $49.999
10,United States,Less than $49.999
11,Poland,Less than $49.999
12,China,Less than $49.999
13,Poland,Less than $49.999
14,United States,Less than $49.999
15,Taiwan,Less than $49.999
16,United States,Less than $49.999
17,Netherlands,Less than $49.999
18,France,Less than $49.999
19,China,Less than $49.999
20,United States,Less than $49.999
21,Singapore,Less than $49.999
22,United States,Less than $49.999
23,Poland,Less than $49.999
24,United States,Less than $49.999
25,China,Less than $49.999
26,United Kingdom,Less than $49.999
27,Taiwan,Less than $49.999
28,United States,Less than $49.999
29,United States,Less than $49.999
30,Hungary,Less than $49.999
31,Australia,Less than $49.999
32,South Korea,Less than $49.999
33,China,Less than $49.999
34,United Kingdom,Less than $49.999
35,United States,Less than $49.999
36,United States,Less than $49.999
37,United States,Less than $49.999
38,United States,Less than $49.999
39,China,Less than $49.999
40,United States,Less than $49.999
41,United States,Less than $49.999
42,United States,Less than $49.999
43,India,Less than $49.999
44,South Korea,Less than $49.999
45,Germany,Less than $49.999
46,Italy,Less than $49.999
47,Poland,Less than $49.999
48,Canada,Less than $49.999
49,Germany,Less than $49.999
50,China,Less than $49.999
51,United States,Less than $49.999
52,United Kingdom,Less than $49.999
53,United States,Less than $49.999
54,United Kingdom,Less than $49.999
55,Australia,Less than $49.999
56,China,Less than $49.999
57,Germany,Less than $49.999
58,Canada,Less than $49.999
59,United States,Less than $49.999
60,United States,Less than $49.999
61,United States,Less than $49.999
62,China,Less than $49.999
63,China,Less than $49.999
64,Singapore,Less than $49.999
65,United States,Less than $49.999
66,Germany,Less than $49.999
67,Netherlands,Less than $49.999
68,United States,Less than $49.999
69,United States,Less than $49.999
70,China,Less than $49.999
71,Canada,Less than $49.999
72,Japan,Less than $49.999
73,Germany,Less than $49.999
74,China,Less than $49.999
75,Taiwan,Less than $49.999
76,United States,Less than $49.999
77,China,Less than $49.999
78,Italy,Less than $49.999
79,Netherlands,Less than $49.999
80,Canada,Less than $49.999
81,United Kingdom,Less than $49.999
82,United States,Less than $49.999
83,United States,Less than $49.999
84,Canada,Less than $49.999
85,United States,Less than $49.999
86,United States,Less than $49.999
87,United States,Less than $49.999
88,United States,Less than $49.999
89,Spain,Less than $49.999
90,New Zealand,Less than $49.999
91,Netherlands,Less than $49.999
92,Poland,Less than $49.999
93,Australia,Less than $49.999
94,United States,Less than $49.999
95,United States,Less than $49.999
96,Netherlands,Less than $49.999
97,United States,Less than $49.999
98,United States,Less than $49.999
99,Canada,Less than $49.999
100,South Korea,Less than $49.999
101,United States,Less than $49.999
102,United States,Less than $49.999
103,United States,Less than $49.999
104,France,Less than $49.999
105,United Kingdom,Less than $49.999
106,Italy,Less than $49.999
107,China,Less than $49.999
108,Netherlands,Less than $49.999
109,France,Less than $49.999
110,Netherlands,Less than $49.999
111,China,Less than $49.999
112,United Kingdom,Less than $49.999
113,United States,Less than $49.999
114,Italy,Less than $49.999
115,United States,Less than $49.999
116,Italy,Less than $49.999
117,Canada,Less than $49.999
118,United States,Less than $49.999
119,Germany,Less than $49.999
120,France,Less than $49.999
121,Taiwan,Less than $49.999
122,Brazil,Less than $49.999
123,Malaysia,Less than $49.999
124,United States,Less than $49.999
125,United States,Less than $49.999
126,Poland,Less than $49.999
127,Canada,Less than $49.999
128,Belgium,Less than $49.999
129,Italy,Less than $49.999
130,United States,Less than $49.999
131,United States,Less than $49.999
132,United States,Less than $49.999
133,Poland,Less than $49.999
134,Lebanon,Less than $49.999
135,United States,Less than $49.999
136,Spain,Less than $49.999
137,United States,Less than $49.999
138,United States,Less than $49.999
139,Finland,Less than $49.999
140,Czech Republic,Less than $49.999
141,Poland,Less than $49.999
142,United States,Less than $49.999
143,United States,Less than $49.999
144,Malaysia,Less than $49.999
145,United States,Less than $49.999
146,Taiwan,Less than $49.999
147,Poland,Less than $49.999
148,Poland,Less than $49.999
149,United Kingdom,Less than $49.999
150,China,Less than $49.999
151,United States,Less than $49.999
152,Netherlands,Less than $49.999
153,United States,Less than $49.999
154,Malaysia,Less than $49.999
155,United States,Less than $49.999
156,Netherlands,Less than $49.999
157,Italy,Less than $49.999
158,Spain,Less than $49.999
159,Argentina,Less than $49.999
160,Canada,Less than $49.999
161,United States,Less than $49.999
162,Poland,Less than $49.999
163,Israel,Less than $49.999
164,United States,Less than $49.999
165,Spain,Less than $49.999
166,United States,Less than $49.999
167,Spain,Less than $49.999
168,Netherlands,Less than $49.999
169,United States,Less than $49.999
170,United States,Less than $49.999
171,France,Less than $49.999
172,United States,Less than $49.999
173,United States,Less than $49.999
174,United States,Less than $49.999
175,United States,Less than $49.999
176,China,Less than $49.999
177,Argentina,Less than $49.999
178,Portugal,Less than $49.999
179,United States,Less than $49.999
180,United States,Less than $49.999
181,United States,Less than $49.999
182,Netherlands,Less than $49.999
183,Netherlands,Less than $49.999
184,United States,Less than $49.999
185,United States,Less than $49.999
186,United States,Less than $49.999
187,Italy,Less than $49.999
188,United States,Less than $49.999
189,United States,Less than $49.999
190,United States,Less than $49.999
191,Poland,Less than $49.999
192,Italy,Less than $49.999
193,Taiwan,Less than $49.999
194,United Kingdom,Less than $49.999
195,United States,Less than $49.999
196,United States,Less than $49.999
197,United States,Less than $49.999
198,Italy,Less than $49.999
199,United Kingdom,Less than $49.999
200,United States,Less than $49.999
201,Cyprus,Less than $49.999
202,Taiwan,Less than $49.999
203,China,Less than $49.999
204,Italy,Less than $49.999
205,China,Less than $49.999
206,Switzerland,Less than $49.999
207,United States,Less than $49.999
208,United States,Less than $49.999
209,United States,Less than $49.999
210,United States,Less than $49.999
211,United States,Less than $49.999
212,Italy,Less than $49.999
213,Germany,Less than $49.999
214,Germany,Less than $49.999
215,Netherlands,Less than $49.999
216,Canada,Less than $49.999
217,United States,Less than $49.999
218,United States,Less than $49.999
219,United States,Less than $49.999
220,Poland,Less than $49.999
221,United Kingdom,Less than $49.999
222,United States,Less than $49.999
223,United States,Less than $49.999
224,Netherlands,Less than $49.999
225,United States,Less than $49.999
226,Italy,Less than $49.999
227,United States,Less than $49.999
228,United States,Less than $49.999
229,United States,Less than $49.999
230,United States,Less than $49.999
231,United States,Less than $49.999
232,United States,Less than $49.999
233,Italy,Less than $49.999
234,United States,Less than $49.999
235,Italy,Less than $49.999
236,Denmark,Less than $49.999
237,United States,Less than $49.999
238,Germany,Less than $49.999
239,United States,Less than $49.999
240,Italy,Less than $49.999
241,United States,Less than $49.999
242,Italy,Less than $49.999
243,United Kingdom,Less than $49.999
244,United States,Less than $49.999
245,United Kingdom,Less than $49.999
246,Israel,$50.000 - $99.999
247,Japan,$50.000 - $99.999
248,United States,$100.000 - $249.999
249,United States,Less than $49.999
250,United States,Price not reported
251,United States,Less than $49.999
252,United States,$100.000 - $249.999
253,United States,$250.000 - $499.999
254,United States,Less than $49.999
255,United States,Less than $49.999
256,United States,Less than $49.999
257,United States,$50.000 - $99.999
258,United States,$100.000 - $249.999
259,United States,Price not reported
260,United States,Price not reported
261,United States,Price not reported
262,United States,Price not reported
263,United States,$50.000 - $99.999
264,United States,$50.000 - $99.999
265,United States,$50.000 - $99.999
266,United States,$50.000 - $99.999
267,United States,$50.000 - $99.999
268,United States,$100.000 - $249.999
269,United States,$250.000 - $499.999
270,United States,$500.000 - $999.999
271,United States,$100.000 - $249.999
272,United States,$250.000 - $499.999
273,United States,$500.000 - $999.999
274,United States,$500.000 - $999.999
275,United States,$100.000 - $249.999
276,United States,$250.000 - $499.999
277,Italy,Price not reported
278,Italy,Price not reported
279,Italy,Price not reported
280,Italy,Price not reported
281,United States,Less than $49.999
282,United States,Less than $49.999
283,United States,Less than $49.999
284,United States,Less than $49.999
285,United States,Less than $49.999
286,United States,Less than $49.999
287,United States,Less than $49.999
288,United States,Less than $49.999
289,Netherlands,Less than $49.999
290,Netherlands,Less than $49.999
291,United States,Less than $49.999
292,United States,$50.000 - $99.999
293,United States,Less than $49.999
294,United States,Less than $49.999
295,United States,Less than $49.999
296,United States,Less than $49.999
297,United States,$50.000 - $99.999
298,Finland,Less than $49.999
299,Finland,$50.000 - $99.999
300,Italy,Less than $49.999
301,Italy,Less than $49.999
302,Italy,Less than $49.999
303,Italy,Less than $49.999
304,Italy,Price not reported
305,United States,Less than $49.999
306,United States,Less than $49.999
307,United States,Less than $49.999
308,United States,$250.000 - $499.999
309,United States,$100.000 - $249.999
310,United States,$50.000 - $99.999
311,United States,$100.000 - $249.999
312,United States,Price not reported
313,United States,Price not reported
314,United States,Price not reported
315,United States,$50.000 - $99.999
316,United States,$50.000 - $99.999
317,United States,$500.000 - $999.999
318,United States,Less than $49.999
319,United States,$100.000 - $249.999
320,United States,$100.000 - $249.999
321,United States,$100.000 - $249.999
322,United States,$100.000 - $249.999
323,United States,Less than $49.999
324,United States,Less than $49.999
325,United States,Less than $49.999
326,United States,Less than $49.999
327,United States,Less than $49.999
328,United States,$250.000 - $499.999
329,United States,$100.000 - $249.999
330,United States,$250.000 - $499.999
331,United States,$500.000 - $999.999
332,United States,$250.000 - $499.999
333,United States,$250.000 - $499.999
334,United States,$250.000 - $499.999
335,United States,$100.000 - $249.999
336,United States,Less than $49.999
337,United States,Less than $49.999
338,United States,$50.000 - $99.999
339,United States,$50.000 - $99.999
340,United States,$50.000 - $99.999
341,United States,$50.000 - $99.999
342,United States,$50.000 - $99.999
343,United States,$50.000 - $99.999
344,United States,$50.000 - $99.999
345,United States,$50.000 - $99.999
346,United States,$50.000 - $99.999
347,United States,$50.000 - $99.999
348,United States,$50.000 - $99.999
349,United States,$50.000 - $99.999
350,United States,$100.000 - $249.999
351,United States,$100.000 - $249.999
352,United States,$100.000 - $249.999
353,United States,$100.000 - $249.999
354,United States,$250.000 - $499.999
355,United States,$250.000 - $499.999
356,United States,Price not reported
357,United States,$250.000 - $499.999
358,United States,$250.000 - $499.999
359,United States,$500.000 - $999.999
360,United States,$500.000 - $999.999
361,Czech Republic,Less than $49.999
362,United States,Less than $49.999
363,United States,Less than $49.999
364,United States,Less than $49.999
365,United States,Less than $49.999
366,United States,$50.000 - $99.999
367,United States,$100.000 - $249.999
368,United States,$250.000 - $499.999
369,United States,Less than $49.999
370,United States,Less than $49.999
371,United States,$50.000 - $99.999
372,United States,$50.000 - $99.999
373,United States,$100.000 - $249.999
374,United States,$100.000 - $249.999
375,United States,$500.000 - $999.999
376,United States,$100.000 - $249.999
377,United States,$100.000 - $249.999
378,United States,$100.000 - $249.999
379,United States,$100.000 - $249.999
380,United States,$100.000 - $249.999
